<?xml version="1.0" encoding="UTF-8"?>
<project-private xmlns="http://www.netbeans.org/ns/project-private/1">
    <editor-bookmarks xmlns="http://www.netbeans.org/ns/editor-bookmarks/2" lastBookmarkId="0"/>
    <open-files xmlns="http://www.netbeans.org/ns/projectui-open-files/2">
        <group>
            <file>file:/E:/arquivos%20tcc/SistemaFlyers/src/java/modelo/Pix.java</file>
            <file>file:/E:/arquivos%20tcc/SistemaFlyers/src/java/controle/AdicionarCarrinho.java</file>
            <file>file:/E:/arquivos%20tcc/SistemaFlyers/web/lista_pagar.jsp</file>
            <file>file:/E:/arquivos%20tcc/SistemaFlyers/src/java/modelo/UsuarioDAO.java</file>
            <file>file:/E:/arquivos%20tcc/SistemaFlyers/web/alterar_usuario.jsp</file>
            <file>file:/E:/arquivos%20tcc/SistemaFlyers/web/carrinho_a_pagar.jsp</file>
            <file>file:/E:/arquivos%20tcc/SistemaFlyers/web/index.jsp</file>
        </group>
    </open-files>
</project-private>
